subset	context	county_fips	pathogen	ed_source_id	horizon_weeks	comparison	delta_rmse	delta_mae	delta_mape	interpretation
high_fidelity	with_current_ed	48113	COVID-19	TX_DSHS_RESP_ED_VISITS_GRAPH3	1	ridge_fusion_minus_ridge_ar	-2.239332106740888e-05	-6.330788965031215e-05	-0.05478283037761025	Negative delta indicates fusion improves over AR baseline.
high_fidelity	with_current_ed	48113	COVID-19	TX_DSHS_RESP_ED_VISITS_GRAPH3	1	ridge_fusion_minus_ridge_ww_only	-0.004736990390984431	-0.00404271289694056	-1.8351248773747193	Negative delta indicates adding AR structure improves over wastewater-only.
high_fidelity	early_warning	48113	COVID-19	TX_DSHS_RESP_ED_VISITS_GRAPH3	1	ridge_fusion_minus_ridge_ar	-0.00015957362444921509	-0.000244746793260274	-0.09295377558237294	Negative delta indicates fusion improves over AR baseline.
high_fidelity	early_warning	48113	COVID-19	TX_DSHS_RESP_ED_VISITS_GRAPH3	1	ridge_fusion_minus_ridge_ww_only	-0.0038291099885921645	-0.0033398536054508165	-1.5379410701221279	Negative delta indicates adding AR structure improves over wastewater-only.
high_fidelity	with_current_ed	48113	COVID-19	TX_DSHS_RESP_ED_VISITS_GRAPH3	2	ridge_fusion_minus_ridge_ar	-2.9293109181289557e-05	-0.00022178457171013154	-0.12639127079909895	Negative delta indicates fusion improves over AR baseline.
high_fidelity	with_current_ed	48113	COVID-19	TX_DSHS_RESP_ED_VISITS_GRAPH3	2	ridge_fusion_minus_ridge_ww_only	-0.0036263368345547946	-0.0031797731355299717	-1.350984195478616	Negative delta indicates adding AR structure improves over wastewater-only.
high_fidelity	early_warning	48113	COVID-19	TX_DSHS_RESP_ED_VISITS_GRAPH3	2	ridge_fusion_minus_ridge_ar	-0.00025869731497028337	-0.000497674842009588	-0.23577852115923392	Negative delta indicates fusion improves over AR baseline.
high_fidelity	early_warning	48113	COVID-19	TX_DSHS_RESP_ED_VISITS_GRAPH3	2	ridge_fusion_minus_ridge_ww_only	-0.0028022740344930933	-0.0025638308217364836	-1.083168122034683	Negative delta indicates adding AR structure improves over wastewater-only.
high_fidelity	with_current_ed	48113	COVID-19	TX_DSHS_RESP_ED_VISITS_GRAPH3	3	ridge_fusion_minus_ridge_ar	-5.339536799233574e-05	-0.0005006177641338114	-0.28968428605605734	Negative delta indicates fusion improves over AR baseline.
high_fidelity	with_current_ed	48113	COVID-19	TX_DSHS_RESP_ED_VISITS_GRAPH3	3	ridge_fusion_minus_ridge_ww_only	-0.002627639422181049	-0.002595478629171478	-1.1065772852906373	Negative delta indicates adding AR structure improves over wastewater-only.
high_fidelity	early_warning	48113	COVID-19	TX_DSHS_RESP_ED_VISITS_GRAPH3	3	ridge_fusion_minus_ridge_ar	-0.00036319602458070345	-0.0008261088191552062	-0.45179561437117055	Negative delta indicates fusion improves over AR baseline.
high_fidelity	early_warning	48113	COVID-19	TX_DSHS_RESP_ED_VISITS_GRAPH3	3	ridge_fusion_minus_ridge_ww_only	-0.0019078987876775194	-0.0019772328105355516	-0.8603395541258363	Negative delta indicates adding AR structure improves over wastewater-only.
high_fidelity	with_current_ed	48113	COVID-19	TX_DSHS_RESP_ED_VISITS_GRAPH3	4	ridge_fusion_minus_ridge_ar	-0.0001588982914547477	-0.0007192135441867233	-0.4551613942890367	Negative delta indicates fusion improves over AR baseline.
high_fidelity	with_current_ed	48113	COVID-19	TX_DSHS_RESP_ED_VISITS_GRAPH3	4	ridge_fusion_minus_ridge_ww_only	-0.0017774823456488129	-0.0017334670158126852	-0.7812380586291054	Negative delta indicates adding AR structure improves over wastewater-only.
high_fidelity	early_warning	48113	COVID-19	TX_DSHS_RESP_ED_VISITS_GRAPH3	4	ridge_fusion_minus_ridge_ar	-0.0005527651963674312	-0.001246788716312109	-0.7076108650892046	Negative delta indicates fusion improves over AR baseline.
high_fidelity	early_warning	48113	COVID-19	TX_DSHS_RESP_ED_VISITS_GRAPH3	4	ridge_fusion_minus_ridge_ww_only	-0.0011584652035459171	-0.0012776869008379373	-0.6055335050465906	Negative delta indicates adding AR structure improves over wastewater-only.
high_fidelity	with_current_ed	48113	Influenza	TX_DSHS_RESP_ED_VISITS_GRAPH3	1	ridge_fusion_minus_ridge_ar	-1.813689741194703e-05	5.755233506646654e-05	0.09343546655762769	Negative delta indicates fusion improves over AR baseline.
high_fidelity	with_current_ed	48113	Influenza	TX_DSHS_RESP_ED_VISITS_GRAPH3	1	ridge_fusion_minus_ridge_ww_only	-0.0013943494899106325	-0.0020749156946294894	-1.1309163621864158	Negative delta indicates adding AR structure improves over wastewater-only.
high_fidelity	early_warning	48113	Influenza	TX_DSHS_RESP_ED_VISITS_GRAPH3	1	ridge_fusion_minus_ridge_ar	-0.0011223254596420002	-0.0010013792978601872	-0.23548037034124536	Negative delta indicates fusion improves over AR baseline.
high_fidelity	early_warning	48113	Influenza	TX_DSHS_RESP_ED_VISITS_GRAPH3	1	ridge_fusion_minus_ridge_ww_only	0.0022434680761700045	0.0007343197169591567	-0.610341570287515	Negative delta indicates adding AR structure improves over wastewater-only.
high_fidelity	with_current_ed	48113	Influenza	TX_DSHS_RESP_ED_VISITS_GRAPH3	2	ridge_fusion_minus_ridge_ar	-0.00014115989445709874	-0.0003161996728388485	0.05062016229640243	Negative delta indicates fusion improves over AR baseline.
high_fidelity	with_current_ed	48113	Influenza	TX_DSHS_RESP_ED_VISITS_GRAPH3	2	ridge_fusion_minus_ridge_ww_only	0.0016719795207163143	0.00036032524520368796	-0.685357217769839	Negative delta indicates adding AR structure improves over wastewater-only.
high_fidelity	early_warning	48113	Influenza	TX_DSHS_RESP_ED_VISITS_GRAPH3	2	ridge_fusion_minus_ridge_ar	-0.0013519892438825874	-0.0015035771764610427	-0.27698420528735657	Negative delta indicates fusion improves over AR baseline.
high_fidelity	early_warning	48113	Influenza	TX_DSHS_RESP_ED_VISITS_GRAPH3	2	ridge_fusion_minus_ridge_ww_only	0.0018365544455676164	0.00041681006100662086	-0.34064650459860335	Negative delta indicates adding AR structure improves over wastewater-only.
high_fidelity	with_current_ed	48113	Influenza	TX_DSHS_RESP_ED_VISITS_GRAPH3	3	ridge_fusion_minus_ridge_ar	-0.00029139477725223344	-0.0008210692779847574	-0.07812007796274778	Negative delta indicates fusion improves over AR baseline.
high_fidelity	with_current_ed	48113	Influenza	TX_DSHS_RESP_ED_VISITS_GRAPH3	3	ridge_fusion_minus_ridge_ww_only	0.0013837510101445821	-0.00016792028453342135	-0.630869434950992	Negative delta indicates adding AR structure improves over wastewater-only.
high_fidelity	early_warning	48113	Influenza	TX_DSHS_RESP_ED_VISITS_GRAPH3	3	ridge_fusion_minus_ridge_ar	-0.0011430615777673937	-0.0015667115577996122	-0.2879630455944766	Negative delta indicates fusion improves over AR baseline.
high_fidelity	early_warning	48113	Influenza	TX_DSHS_RESP_ED_VISITS_GRAPH3	3	ridge_fusion_minus_ridge_ww_only	0.000560060358209968	0.00015571348823460555	-0.3740374155986612	Negative delta indicates adding AR structure improves over wastewater-only.
high_fidelity	with_current_ed	48113	Influenza	TX_DSHS_RESP_ED_VISITS_GRAPH3	4	ridge_fusion_minus_ridge_ar	-0.000182908403981389	-0.0006831005994898855	-0.09210939533977891	Negative delta indicates fusion improves over AR baseline.
high_fidelity	with_current_ed	48113	Influenza	TX_DSHS_RESP_ED_VISITS_GRAPH3	4	ridge_fusion_minus_ridge_ww_only	0.0006866147677235066	-0.00012111346633182814	-0.6775688417843968	Negative delta indicates adding AR structure improves over wastewater-only.
high_fidelity	early_warning	48113	Influenza	TX_DSHS_RESP_ED_VISITS_GRAPH3	4	ridge_fusion_minus_ridge_ar	-0.0007515571343934182	-0.0011477375300741922	-0.19490229378922663	Negative delta indicates fusion improves over AR baseline.
high_fidelity	early_warning	48113	Influenza	TX_DSHS_RESP_ED_VISITS_GRAPH3	4	ridge_fusion_minus_ridge_ww_only	0.00033032284353658875	9.890986246787262e-05	-0.4864139127913547	Negative delta indicates adding AR structure improves over wastewater-only.
high_fidelity	with_current_ed	48113	RSV	TX_DSHS_RESP_ED_VISITS_GRAPH3	1	ridge_fusion_minus_ridge_ar	-2.3891914570988446e-05	-1.4688283937106688e-05	-0.15985137875534527	Negative delta indicates fusion improves over AR baseline.
high_fidelity	with_current_ed	48113	RSV	TX_DSHS_RESP_ED_VISITS_GRAPH3	1	ridge_fusion_minus_ridge_ww_only	-0.0003563452699035869	-0.0003588348904184285	-2.0501868295224424	Negative delta indicates adding AR structure improves over wastewater-only.
high_fidelity	early_warning	48113	RSV	TX_DSHS_RESP_ED_VISITS_GRAPH3	1	ridge_fusion_minus_ridge_ar	-6.370214162461937e-05	-5.8452734481584346e-05	-0.24136357639249995	Negative delta indicates fusion improves over AR baseline.
high_fidelity	early_warning	48113	RSV	TX_DSHS_RESP_ED_VISITS_GRAPH3	1	ridge_fusion_minus_ridge_ww_only	-6.248816209805717e-05	-0.00011565222293527359	-1.4364958944658943	Negative delta indicates adding AR structure improves over wastewater-only.
high_fidelity	with_current_ed	48113	RSV	TX_DSHS_RESP_ED_VISITS_GRAPH3	2	ridge_fusion_minus_ridge_ar	-5.8949582713080785e-05	-3.608073067036229e-05	-0.005783528775415547	Negative delta indicates fusion improves over AR baseline.
high_fidelity	with_current_ed	48113	RSV	TX_DSHS_RESP_ED_VISITS_GRAPH3	2	ridge_fusion_minus_ridge_ww_only	-0.00025439636644585743	-0.00024074128747936404	-2.128451958394982	Negative delta indicates adding AR structure improves over wastewater-only.
high_fidelity	early_warning	48113	RSV	TX_DSHS_RESP_ED_VISITS_GRAPH3	2	ridge_fusion_minus_ridge_ar	-0.00011124430234528589	-6.44413067498595e-05	-0.21617934071901956	Negative delta indicates fusion improves over AR baseline.
high_fidelity	early_warning	48113	RSV	TX_DSHS_RESP_ED_VISITS_GRAPH3	2	ridge_fusion_minus_ridge_ww_only	-0.00013985257136398584	-9.695149840151338e-05	-1.2169015678680766	Negative delta indicates adding AR structure improves over wastewater-only.
high_fidelity	with_current_ed	48113	RSV	TX_DSHS_RESP_ED_VISITS_GRAPH3	3	ridge_fusion_minus_ridge_ar	-6.645560513491504e-05	-2.3467888731633206e-05	0.036263313659373964	Negative delta indicates fusion improves over AR baseline.
high_fidelity	with_current_ed	48113	RSV	TX_DSHS_RESP_ED_VISITS_GRAPH3	3	ridge_fusion_minus_ridge_ww_only	-0.0003679188906294006	-0.0002954023257439644	-2.7399640296733407	Negative delta indicates adding AR structure improves over wastewater-only.
high_fidelity	early_warning	48113	RSV	TX_DSHS_RESP_ED_VISITS_GRAPH3	3	ridge_fusion_minus_ridge_ar	-0.0001222265345619221	-3.504872302311575e-05	0.401303696545833	Negative delta indicates fusion improves over AR baseline.
high_fidelity	early_warning	48113	RSV	TX_DSHS_RESP_ED_VISITS_GRAPH3	3	ridge_fusion_minus_ridge_ww_only	-0.00018913850105199714	-0.00011503256137607382	-1.6291776973901229	Negative delta indicates adding AR structure improves over wastewater-only.
high_fidelity	with_current_ed	48113	RSV	TX_DSHS_RESP_ED_VISITS_GRAPH3	4	ridge_fusion_minus_ridge_ar	-3.451637129123827e-05	2.130289852746289e-05	0.29748071970593104	Negative delta indicates fusion improves over AR baseline.
high_fidelity	with_current_ed	48113	RSV	TX_DSHS_RESP_ED_VISITS_GRAPH3	4	ridge_fusion_minus_ridge_ww_only	-0.000374061847103642	-0.00029502140215237316	-2.0629415151637316	Negative delta indicates adding AR structure improves over wastewater-only.
high_fidelity	early_warning	48113	RSV	TX_DSHS_RESP_ED_VISITS_GRAPH3	4	ridge_fusion_minus_ridge_ar	-9.492285433184257e-05	-1.7759419868364906e-05	0.2655557448549484	Negative delta indicates fusion improves over AR baseline.
high_fidelity	early_warning	48113	RSV	TX_DSHS_RESP_ED_VISITS_GRAPH3	4	ridge_fusion_minus_ridge_ww_only	-0.00014751024177045305	-0.00010096297919191875	-1.54323095977246	Negative delta indicates adding AR structure improves over wastewater-only.
high_fidelity	with_current_ed	48201	COVID-19	TX_DSHS_RESP_ED_VISITS_GRAPH3	1	ridge_fusion_minus_ridge_ar	-6.742116242996078e-05	-0.00013281427740386483	-0.10790936831748221	Negative delta indicates fusion improves over AR baseline.
high_fidelity	with_current_ed	48201	COVID-19	TX_DSHS_RESP_ED_VISITS_GRAPH3	1	ridge_fusion_minus_ridge_ww_only	-0.008073664680411622	-0.00703465440886452	-4.618479944574505	Negative delta indicates adding AR structure improves over wastewater-only.
high_fidelity	early_warning	48201	COVID-19	TX_DSHS_RESP_ED_VISITS_GRAPH3	1	ridge_fusion_minus_ridge_ar	-0.00012412746267656712	-0.00016883627442328196	-0.10842081020696792	Negative delta indicates fusion improves over AR baseline.
high_fidelity	early_warning	48201	COVID-19	TX_DSHS_RESP_ED_VISITS_GRAPH3	1	ridge_fusion_minus_ridge_ww_only	-0.006953645074043787	-0.006237463277524743	-4.302601855201159	Negative delta indicates adding AR structure improves over wastewater-only.
high_fidelity	with_current_ed	48201	COVID-19	TX_DSHS_RESP_ED_VISITS_GRAPH3	2	ridge_fusion_minus_ridge_ar	-0.00021404577019197134	-0.00036750177671094047	-0.26770490396548435	Negative delta indicates fusion improves over AR baseline.
high_fidelity	with_current_ed	48201	COVID-19	TX_DSHS_RESP_ED_VISITS_GRAPH3	2	ridge_fusion_minus_ridge_ww_only	-0.006123142433344123	-0.005791741404453517	-3.8728421450547006	Negative delta indicates adding AR structure improves over wastewater-only.
high_fidelity	early_warning	48201	COVID-19	TX_DSHS_RESP_ED_VISITS_GRAPH3	2	ridge_fusion_minus_ridge_ar	-0.0003228561853835768	-0.0004518600515996617	-0.30758605783404724	Negative delta indicates fusion improves over AR baseline.
high_fidelity	early_warning	48201	COVID-19	TX_DSHS_RESP_ED_VISITS_GRAPH3	2	ridge_fusion_minus_ridge_ww_only	-0.005091209374170095	-0.004915677442318564	-3.5248736933377645	Negative delta indicates adding AR structure improves over wastewater-only.
high_fidelity	with_current_ed	48201	COVID-19	TX_DSHS_RESP_ED_VISITS_GRAPH3	3	ridge_fusion_minus_ridge_ar	-0.0004262247964271159	-0.000655391950299484	-0.46533942802397443	Negative delta indicates fusion improves over AR baseline.
high_fidelity	with_current_ed	48201	COVID-19	TX_DSHS_RESP_ED_VISITS_GRAPH3	3	ridge_fusion_minus_ridge_ww_only	-0.004016781491764111	-0.004309388406904827	-2.8850432033360898	Negative delta indicates adding AR structure improves over wastewater-only.
high_fidelity	early_warning	48201	COVID-19	TX_DSHS_RESP_ED_VISITS_GRAPH3	3	ridge_fusion_minus_ridge_ar	-0.0005924013509220165	-0.0008029004729335062	-0.5390464821601948	Negative delta indicates fusion improves over AR baseline.
high_fidelity	early_warning	48201	COVID-19	TX_DSHS_RESP_ED_VISITS_GRAPH3	3	ridge_fusion_minus_ridge_ww_only	-0.0030930269182075252	-0.003544954461907053	-2.549483320555611	Negative delta indicates adding AR structure improves over wastewater-only.
high_fidelity	with_current_ed	48201	COVID-19	TX_DSHS_RESP_ED_VISITS_GRAPH3	4	ridge_fusion_minus_ridge_ar	-0.0006080568551768157	-0.0009066953198353404	-0.6191870865008475	Negative delta indicates fusion improves over AR baseline.
high_fidelity	with_current_ed	48201	COVID-19	TX_DSHS_RESP_ED_VISITS_GRAPH3	4	ridge_fusion_minus_ridge_ww_only	-0.0020876477956703714	-0.002597833651756541	-1.8011365661742167	Negative delta indicates adding AR structure improves over wastewater-only.
high_fidelity	early_warning	48201	COVID-19	TX_DSHS_RESP_ED_VISITS_GRAPH3	4	ridge_fusion_minus_ridge_ar	-0.0008194177164654731	-0.001137849768374753	-0.7385813179854741	Negative delta indicates fusion improves over AR baseline.
high_fidelity	early_warning	48201	COVID-19	TX_DSHS_RESP_ED_VISITS_GRAPH3	4	ridge_fusion_minus_ridge_ww_only	-0.0013526479772042327	-0.0018995882672589808	-1.498756289619225	Negative delta indicates adding AR structure improves over wastewater-only.
high_fidelity	with_current_ed	48201	Influenza	TX_DSHS_RESP_ED_VISITS_GRAPH3	1	ridge_fusion_minus_ridge_ar	3.9375203261976174e-05	0.0004132161772471806	0.028687265304209453	Negative delta indicates fusion improves over AR baseline.
high_fidelity	with_current_ed	48201	Influenza	TX_DSHS_RESP_ED_VISITS_GRAPH3	1	ridge_fusion_minus_ridge_ww_only	-0.00467891888019191	-0.004071934816362093	-0.5926443966896311	Negative delta indicates adding AR structure improves over wastewater-only.
high_fidelity	early_warning	48201	Influenza	TX_DSHS_RESP_ED_VISITS_GRAPH3	1	ridge_fusion_minus_ridge_ar	-0.00013792758290018942	0.00037224600717579524	0.03146725767067693	Negative delta indicates fusion improves over AR baseline.
high_fidelity	early_warning	48201	Influenza	TX_DSHS_RESP_ED_VISITS_GRAPH3	1	ridge_fusion_minus_ridge_ww_only	6.706721574750718e-05	-0.0009193902314143035	-0.3398190738828125	Negative delta indicates adding AR structure improves over wastewater-only.
high_fidelity	with_current_ed	48201	Influenza	TX_DSHS_RESP_ED_VISITS_GRAPH3	2	ridge_fusion_minus_ridge_ar	-0.00021121533947827086	0.0004755204902441917	0.08558104985975856	Negative delta indicates fusion improves over AR baseline.
high_fidelity	with_current_ed	48201	Influenza	TX_DSHS_RESP_ED_VISITS_GRAPH3	2	ridge_fusion_minus_ridge_ww_only	-0.0009243838011333706	-0.002191277946552316	-0.43060670251136046	Negative delta indicates adding AR structure improves over wastewater-only.
high_fidelity	early_warning	48201	Influenza	TX_DSHS_RESP_ED_VISITS_GRAPH3	2	ridge_fusion_minus_ridge_ar	-0.000408115509454415	0.0006924843835341074	0.0939985666039278	Negative delta indicates fusion improves over AR baseline.
high_fidelity	early_warning	48201	Influenza	TX_DSHS_RESP_ED_VISITS_GRAPH3	2	ridge_fusion_minus_ridge_ww_only	0.0013373334211623789	-0.0004984896242459062	-0.192450340530803	Negative delta indicates adding AR structure improves over wastewater-only.
high_fidelity	with_current_ed	48201	Influenza	TX_DSHS_RESP_ED_VISITS_GRAPH3	3	ridge_fusion_minus_ridge_ar	-0.0007725354930937303	0.0005241520002652565	0.11196835069987943	Negative delta indicates fusion improves over AR baseline.
high_fidelity	with_current_ed	48201	Influenza	TX_DSHS_RESP_ED_VISITS_GRAPH3	3	ridge_fusion_minus_ridge_ww_only	0.00044594459994449706	-0.0012171950360699811	-0.28108999586221894	Negative delta indicates adding AR structure improves over wastewater-only.
high_fidelity	early_warning	48201	Influenza	TX_DSHS_RESP_ED_VISITS_GRAPH3	3	ridge_fusion_minus_ridge_ar	-0.0004865722436280164	8.294167517234295e-05	0.08594851639407453	Negative delta indicates fusion improves over AR baseline.
high_fidelity	early_warning	48201	Influenza	TX_DSHS_RESP_ED_VISITS_GRAPH3	3	ridge_fusion_minus_ridge_ww_only	0.0006909097572598572	-0.00022844234655731814	-0.08215555293525645	Negative delta indicates adding AR structure improves over wastewater-only.
high_fidelity	with_current_ed	48201	Influenza	TX_DSHS_RESP_ED_VISITS_GRAPH3	4	ridge_fusion_minus_ridge_ar	-3.881290953244507e-05	0.00021720541835201952	0.10776447960883617	Negative delta indicates fusion improves over AR baseline.
high_fidelity	with_current_ed	48201	Influenza	TX_DSHS_RESP_ED_VISITS_GRAPH3	4	ridge_fusion_minus_ridge_ww_only	-0.0008047134842109737	-0.0011897607869244178	-0.16450839425832475	Negative delta indicates adding AR structure improves over wastewater-only.
high_fidelity	early_warning	48201	Influenza	TX_DSHS_RESP_ED_VISITS_GRAPH3	4	ridge_fusion_minus_ridge_ar	0.0005154876631377273	0.0005986359253635463	0.1429979561168626	Negative delta indicates fusion improves over AR baseline.
high_fidelity	early_warning	48201	Influenza	TX_DSHS_RESP_ED_VISITS_GRAPH3	4	ridge_fusion_minus_ridge_ww_only	0.0006180651548796014	0.0005920626648141386	0.05415047503627979	Negative delta indicates adding AR structure improves over wastewater-only.
high_fidelity	with_current_ed	48201	RSV	TX_DSHS_RESP_ED_VISITS_GRAPH3	1	ridge_fusion_minus_ridge_ar	0.0004358461527260354	0.00027292736240948183	0.10369564845829038	Negative delta indicates fusion improves over AR baseline.
high_fidelity	with_current_ed	48201	RSV	TX_DSHS_RESP_ED_VISITS_GRAPH3	1	ridge_fusion_minus_ridge_ww_only	-0.0012932667586127982	-0.0011139458511833082	-1.0444658777732043	Negative delta indicates adding AR structure improves over wastewater-only.
high_fidelity	early_warning	48201	RSV	TX_DSHS_RESP_ED_VISITS_GRAPH3	1	ridge_fusion_minus_ridge_ar	0.0006398016585181555	0.0004680597677362494	0.17640063512062598	Negative delta indicates fusion improves over AR baseline.
high_fidelity	early_warning	48201	RSV	TX_DSHS_RESP_ED_VISITS_GRAPH3	1	ridge_fusion_minus_ridge_ww_only	-0.0005301527190398336	-0.000463723613653878	-0.5119489736783269	Negative delta indicates adding AR structure improves over wastewater-only.
high_fidelity	with_current_ed	48201	RSV	TX_DSHS_RESP_ED_VISITS_GRAPH3	2	ridge_fusion_minus_ridge_ar	0.000545230643552642	0.0004518259474727048	0.2672742948937221	Negative delta indicates fusion improves over AR baseline.
high_fidelity	with_current_ed	48201	RSV	TX_DSHS_RESP_ED_VISITS_GRAPH3	2	ridge_fusion_minus_ridge_ww_only	-0.0008869320488127902	-0.0007519903024752652	-0.9054236374654898	Negative delta indicates adding AR structure improves over wastewater-only.
high_fidelity	early_warning	48201	RSV	TX_DSHS_RESP_ED_VISITS_GRAPH3	2	ridge_fusion_minus_ridge_ar	0.0006664773773476127	0.0005316164570298612	0.3437994850694124	Negative delta indicates fusion improves over AR baseline.
high_fidelity	early_warning	48201	RSV	TX_DSHS_RESP_ED_VISITS_GRAPH3	2	ridge_fusion_minus_ridge_ww_only	-0.0003249955284476227	-0.000274342620248242	-0.4221388214353945	Negative delta indicates adding AR structure improves over wastewater-only.
high_fidelity	with_current_ed	48201	RSV	TX_DSHS_RESP_ED_VISITS_GRAPH3	3	ridge_fusion_minus_ridge_ar	0.00044317295473415884	0.0005131540629199224	0.402529436277117	Negative delta indicates fusion improves over AR baseline.
high_fidelity	with_current_ed	48201	RSV	TX_DSHS_RESP_ED_VISITS_GRAPH3	3	ridge_fusion_minus_ridge_ww_only	-0.0007578876592325714	-0.000669189015800022	-0.7790242459975483	Negative delta indicates adding AR structure improves over wastewater-only.
high_fidelity	early_warning	48201	RSV	TX_DSHS_RESP_ED_VISITS_GRAPH3	3	ridge_fusion_minus_ridge_ar	0.0004171561580001925	0.0004946858812105012	0.49823845967248004	Negative delta indicates fusion improves over AR baseline.
high_fidelity	early_warning	48201	RSV	TX_DSHS_RESP_ED_VISITS_GRAPH3	3	ridge_fusion_minus_ridge_ww_only	-0.00036504031808639453	-0.000348971049541407	-0.3830122184806357	Negative delta indicates adding AR structure improves over wastewater-only.
high_fidelity	with_current_ed	48201	RSV	TX_DSHS_RESP_ED_VISITS_GRAPH3	4	ridge_fusion_minus_ridge_ar	0.0003973725336306939	0.0005137815318782329	0.3184621812664037	Negative delta indicates fusion improves over AR baseline.
high_fidelity	with_current_ed	48201	RSV	TX_DSHS_RESP_ED_VISITS_GRAPH3	4	ridge_fusion_minus_ridge_ww_only	-0.0008641763122306336	-0.0007938845280143249	-0.6853732970711266	Negative delta indicates adding AR structure improves over wastewater-only.
high_fidelity	early_warning	48201	RSV	TX_DSHS_RESP_ED_VISITS_GRAPH3	4	ridge_fusion_minus_ridge_ar	0.0003413033558277369	0.0005144703361158374	0.4453098492799601	Negative delta indicates fusion improves over AR baseline.
high_fidelity	early_warning	48201	RSV	TX_DSHS_RESP_ED_VISITS_GRAPH3	4	ridge_fusion_minus_ridge_ww_only	-0.000543700419378432	-0.0004907779149421732	-0.3434121005048856	Negative delta indicates adding AR structure improves over wastewater-only.
high_fidelity	with_current_ed	48453	COVID-19	TX_DSHS_RESP_ED_VISITS_GRAPH3	1	ridge_fusion_minus_ridge_ar	0.00013703588407094187	0.00014811048254812073	0.14553427006203423	Negative delta indicates fusion improves over AR baseline.
high_fidelity	with_current_ed	48453	COVID-19	TX_DSHS_RESP_ED_VISITS_GRAPH3	1	ridge_fusion_minus_ridge_ww_only	-0.0067292706112036735	-0.00467214313621466	-4.693925740465238	Negative delta indicates adding AR structure improves over wastewater-only.
high_fidelity	early_warning	48453	COVID-19	TX_DSHS_RESP_ED_VISITS_GRAPH3	1	ridge_fusion_minus_ridge_ar	0.0004773482065973593	0.0002882515668236295	0.5064957138225945	Negative delta indicates fusion improves over AR baseline.
high_fidelity	early_warning	48453	COVID-19	TX_DSHS_RESP_ED_VISITS_GRAPH3	1	ridge_fusion_minus_ridge_ww_only	-0.005287521396607141	-0.00362308628791411	-3.848838566423833	Negative delta indicates adding AR structure improves over wastewater-only.
high_fidelity	with_current_ed	48453	COVID-19	TX_DSHS_RESP_ED_VISITS_GRAPH3	2	ridge_fusion_minus_ridge_ar	0.00014677217795182372	8.85845981639646e-05	0.2373894084072956	Negative delta indicates fusion improves over AR baseline.
high_fidelity	with_current_ed	48453	COVID-19	TX_DSHS_RESP_ED_VISITS_GRAPH3	2	ridge_fusion_minus_ridge_ww_only	-0.005242457865286613	-0.003604152983020354	-3.760332055957395	Negative delta indicates adding AR structure improves over wastewater-only.
high_fidelity	early_warning	48453	COVID-19	TX_DSHS_RESP_ED_VISITS_GRAPH3	2	ridge_fusion_minus_ridge_ar	0.0003388445871364337	7.85989147348426e-05	0.5070160232477614	Negative delta indicates fusion improves over AR baseline.
high_fidelity	early_warning	48453	COVID-19	TX_DSHS_RESP_ED_VISITS_GRAPH3	2	ridge_fusion_minus_ridge_ww_only	-0.003985426054626418	-0.00267762285194543	-2.988633578532588	Negative delta indicates adding AR structure improves over wastewater-only.
high_fidelity	with_current_ed	48453	COVID-19	TX_DSHS_RESP_ED_VISITS_GRAPH3	3	ridge_fusion_minus_ridge_ar	1.633973694949555e-05	-0.0001777771932798657	0.2124929073092079	Negative delta indicates fusion improves over AR baseline.
high_fidelity	with_current_ed	48453	COVID-19	TX_DSHS_RESP_ED_VISITS_GRAPH3	3	ridge_fusion_minus_ridge_ww_only	-0.003857129740187377	-0.0026482184226360285	-2.9596459582326666	Negative delta indicates adding AR structure improves over wastewater-only.
high_fidelity	early_warning	48453	COVID-19	TX_DSHS_RESP_ED_VISITS_GRAPH3	3	ridge_fusion_minus_ridge_ar	0.00016769992149682708	-0.00026037657882781434	0.35400593087749765	Negative delta indicates fusion improves over AR baseline.
high_fidelity	early_warning	48453	COVID-19	TX_DSHS_RESP_ED_VISITS_GRAPH3	3	ridge_fusion_minus_ridge_ww_only	-0.0028229465030878333	-0.0019465423720796222	-2.2822158208014818	Negative delta indicates adding AR structure improves over wastewater-only.
high_fidelity	with_current_ed	48453	COVID-19	TX_DSHS_RESP_ED_VISITS_GRAPH3	4	ridge_fusion_minus_ridge_ar	-0.00028003059397649615	-0.0005752020766242308	-0.1464554191248406	Negative delta indicates fusion improves over AR baseline.
high_fidelity	with_current_ed	48453	COVID-19	TX_DSHS_RESP_ED_VISITS_GRAPH3	4	ridge_fusion_minus_ridge_ww_only	-0.002533782244363806	-0.001805057439988237	-2.009544429167069	Negative delta indicates adding AR structure improves over wastewater-only.
high_fidelity	early_warning	48453	COVID-19	TX_DSHS_RESP_ED_VISITS_GRAPH3	4	ridge_fusion_minus_ridge_ar	-0.00023191667811676454	-0.0007556822297237723	-0.07809384598559266	Negative delta indicates fusion improves over AR baseline.
high_fidelity	early_warning	48453	COVID-19	TX_DSHS_RESP_ED_VISITS_GRAPH3	4	ridge_fusion_minus_ridge_ww_only	-0.001784784970521736	-0.001279201636816807	-1.491296065352382	Negative delta indicates adding AR structure improves over wastewater-only.
high_fidelity	with_current_ed	48453	Influenza	TX_DSHS_RESP_ED_VISITS_GRAPH3	1	ridge_fusion_minus_ridge_ar	0.008940807616065182	0.005738432913967928	0.5376530783929185	Negative delta indicates fusion improves over AR baseline.
high_fidelity	with_current_ed	48453	Influenza	TX_DSHS_RESP_ED_VISITS_GRAPH3	1	ridge_fusion_minus_ridge_ww_only	-0.01584987102918804	-0.009787443035566931	-1.054075867324283	Negative delta indicates adding AR structure improves over wastewater-only.
high_fidelity	early_warning	48453	Influenza	TX_DSHS_RESP_ED_VISITS_GRAPH3	1	ridge_fusion_minus_ridge_ar	0.021911788008440264	0.01270227831550537	1.0091325827832462	Negative delta indicates fusion improves over AR baseline.
high_fidelity	early_warning	48453	Influenza	TX_DSHS_RESP_ED_VISITS_GRAPH3	1	ridge_fusion_minus_ridge_ww_only	-0.0004052031872839104	-0.00013292934143060986	0.07383211910985477	Negative delta indicates adding AR structure improves over wastewater-only.
high_fidelity	with_current_ed	48453	Influenza	TX_DSHS_RESP_ED_VISITS_GRAPH3	2	ridge_fusion_minus_ridge_ar	0.02083732884115745	0.01198297446540137	1.1608968518760527	Negative delta indicates fusion improves over AR baseline.
high_fidelity	with_current_ed	48453	Influenza	TX_DSHS_RESP_ED_VISITS_GRAPH3	2	ridge_fusion_minus_ridge_ww_only	0.0041318375524535475	0.0029397530673370073	0.457438059289041	Negative delta indicates adding AR structure improves over wastewater-only.
high_fidelity	early_warning	48453	Influenza	TX_DSHS_RESP_ED_VISITS_GRAPH3	2	ridge_fusion_minus_ridge_ar	0.02835323059408168	0.01597302735171323	1.1979690261394735	Negative delta indicates fusion improves over AR baseline.
high_fidelity	early_warning	48453	Influenza	TX_DSHS_RESP_ED_VISITS_GRAPH3	2	ridge_fusion_minus_ridge_ww_only	0.011292176207904688	0.00758176629079535	1.0018189392988797	Negative delta indicates adding AR structure improves over wastewater-only.
high_fidelity	with_current_ed	48453	Influenza	TX_DSHS_RESP_ED_VISITS_GRAPH3	3	ridge_fusion_minus_ridge_ar	0.03781545758843825	0.022415898261684733	2.474141845163295	Negative delta indicates fusion improves over AR baseline.
high_fidelity	with_current_ed	48453	Influenza	TX_DSHS_RESP_ED_VISITS_GRAPH3	3	ridge_fusion_minus_ridge_ww_only	0.02595936240040853	0.01690959876560457	2.244292384649493	Negative delta indicates adding AR structure improves over wastewater-only.
high_fidelity	early_warning	48453	Influenza	TX_DSHS_RESP_ED_VISITS_GRAPH3	3	ridge_fusion_minus_ridge_ar	0.03149121383685367	0.01797820885920702	1.7617409423276822	Negative delta indicates fusion improves over AR baseline.
high_fidelity	early_warning	48453	Influenza	TX_DSHS_RESP_ED_VISITS_GRAPH3	3	ridge_fusion_minus_ridge_ww_only	0.02085042353224423	0.013752926585256451	1.850465798609116	Negative delta indicates adding AR structure improves over wastewater-only.
high_fidelity	with_current_ed	48453	Influenza	TX_DSHS_RESP_ED_VISITS_GRAPH3	4	ridge_fusion_minus_ridge_ar	0.04070791757988264	0.02446598541944315	2.980303653707316	Negative delta indicates fusion improves over AR baseline.
high_fidelity	with_current_ed	48453	Influenza	TX_DSHS_RESP_ED_VISITS_GRAPH3	4	ridge_fusion_minus_ridge_ww_only	0.03226808627148572	0.020618934596728995	2.9421461521333288	Negative delta indicates adding AR structure improves over wastewater-only.
high_fidelity	early_warning	48453	Influenza	TX_DSHS_RESP_ED_VISITS_GRAPH3	4	ridge_fusion_minus_ridge_ar	0.02696494761301948	0.015628501878680222	1.7304570262623886	Negative delta indicates fusion improves over AR baseline.
high_fidelity	early_warning	48453	Influenza	TX_DSHS_RESP_ED_VISITS_GRAPH3	4	ridge_fusion_minus_ridge_ww_only	0.019225560586845637	0.012563552118821531	1.8557273261163907	Negative delta indicates adding AR structure improves over wastewater-only.
high_fidelity	with_current_ed	48453	RSV	TX_DSHS_RESP_ED_VISITS_GRAPH3	1	ridge_fusion_minus_ridge_ar	0.0003949134787585883	0.00018144362187774243	0.04583508936324965	Negative delta indicates fusion improves over AR baseline.
high_fidelity	with_current_ed	48453	RSV	TX_DSHS_RESP_ED_VISITS_GRAPH3	1	ridge_fusion_minus_ridge_ww_only	-0.002319197232205274	-0.0015485449557409885	-1.209261460935334	Negative delta indicates adding AR structure improves over wastewater-only.
high_fidelity	early_warning	48453	RSV	TX_DSHS_RESP_ED_VISITS_GRAPH3	1	ridge_fusion_minus_ridge_ar	0.000864226705916425	0.0005226734439772538	0.16473841517116172	Negative delta indicates fusion improves over AR baseline.
high_fidelity	early_warning	48453	RSV	TX_DSHS_RESP_ED_VISITS_GRAPH3	1	ridge_fusion_minus_ridge_ww_only	-0.0016530064817245325	-0.0010688158821187904	-0.7627696403815611	Negative delta indicates adding AR structure improves over wastewater-only.
high_fidelity	with_current_ed	48453	RSV	TX_DSHS_RESP_ED_VISITS_GRAPH3	2	ridge_fusion_minus_ridge_ar	0.000579140810964553	0.00034057505085082905	0.06815134103038534	Negative delta indicates fusion improves over AR baseline.
high_fidelity	with_current_ed	48453	RSV	TX_DSHS_RESP_ED_VISITS_GRAPH3	2	ridge_fusion_minus_ridge_ww_only	-0.001525453957678443	-0.0010135544528614938	-0.8650059718442109	Negative delta indicates adding AR structure improves over wastewater-only.
high_fidelity	early_warning	48453	RSV	TX_DSHS_RESP_ED_VISITS_GRAPH3	2	ridge_fusion_minus_ridge_ar	0.001023239723720593	0.0005743630654275673	0.12939791712341964	Negative delta indicates fusion improves over AR baseline.
high_fidelity	early_warning	48453	RSV	TX_DSHS_RESP_ED_VISITS_GRAPH3	2	ridge_fusion_minus_ridge_ww_only	-0.0009184204281928246	-0.0005812130870905816	-0.45873798496048823	Negative delta indicates adding AR structure improves over wastewater-only.
high_fidelity	with_current_ed	48453	RSV	TX_DSHS_RESP_ED_VISITS_GRAPH3	3	ridge_fusion_minus_ridge_ar	0.0005375483330158613	0.0003260222820370051	0.058030477728986396	Negative delta indicates fusion improves over AR baseline.
high_fidelity	with_current_ed	48453	RSV	TX_DSHS_RESP_ED_VISITS_GRAPH3	3	ridge_fusion_minus_ridge_ww_only	-0.0010114832336221957	-0.0006531760180485005	-0.6335349139538313	Negative delta indicates adding AR structure improves over wastewater-only.
high_fidelity	early_warning	48453	RSV	TX_DSHS_RESP_ED_VISITS_GRAPH3	3	ridge_fusion_minus_ridge_ar	0.0009715836512264846	0.0005804473399761382	0.09015970790286554	Negative delta indicates fusion improves over AR baseline.
high_fidelity	early_warning	48453	RSV	TX_DSHS_RESP_ED_VISITS_GRAPH3	3	ridge_fusion_minus_ridge_ww_only	-0.00031917450850415326	-0.00020717983629723723	-0.222201226316582	Negative delta indicates adding AR structure improves over wastewater-only.
high_fidelity	with_current_ed	48453	RSV	TX_DSHS_RESP_ED_VISITS_GRAPH3	4	ridge_fusion_minus_ridge_ar	0.00023186584783730247	0.00013703330404424958	0.030759925135961375	Negative delta indicates fusion improves over AR baseline.
high_fidelity	with_current_ed	48453	RSV	TX_DSHS_RESP_ED_VISITS_GRAPH3	4	ridge_fusion_minus_ridge_ww_only	-0.000595322766054583	-0.0004702072028536225	-0.5353936319656405	Negative delta indicates adding AR structure improves over wastewater-only.
high_fidelity	early_warning	48453	RSV	TX_DSHS_RESP_ED_VISITS_GRAPH3	4	ridge_fusion_minus_ridge_ar	0.0005781064583376414	0.00030399718276159944	0.04059602537245399	Negative delta indicates fusion improves over AR baseline.
high_fidelity	early_warning	48453	RSV	TX_DSHS_RESP_ED_VISITS_GRAPH3	4	ridge_fusion_minus_ridge_ww_only	-5.203220681463273e-05	-0.0001012398409452398	-0.19645763515901993	Negative delta indicates adding AR structure improves over wastewater-only.
high_fidelity	with_current_ed	53061	COVID-19	WA_RESP_ED_HOSP_CSV	1	ridge_fusion_minus_ridge_ar	6.08357196180782e-06	4.358836963158381e-05	0.013151231101764194	Negative delta indicates fusion improves over AR baseline.
high_fidelity	with_current_ed	53061	COVID-19	WA_RESP_ED_HOSP_CSV	1	ridge_fusion_minus_ridge_ww_only	-0.0028042962414909934	-0.002665248474473385	-0.7796053654353088	Negative delta indicates adding AR structure improves over wastewater-only.
high_fidelity	early_warning	53061	COVID-19	WA_RESP_ED_HOSP_CSV	1	ridge_fusion_minus_ridge_ar	2.8575005199913718e-05	0.00021445832491526077	0.00019006694417711412	Negative delta indicates fusion improves over AR baseline.
high_fidelity	early_warning	53061	COVID-19	WA_RESP_ED_HOSP_CSV	1	ridge_fusion_minus_ridge_ww_only	-0.001988480350188644	-0.0019446983497174476	-0.605604598405143	Negative delta indicates adding AR structure improves over wastewater-only.
high_fidelity	with_current_ed	53061	COVID-19	WA_RESP_ED_HOSP_CSV	2	ridge_fusion_minus_ridge_ar	3.2159136041233754e-05	5.045124674252265e-05	0.029297724230701094	Negative delta indicates fusion improves over AR baseline.
high_fidelity	with_current_ed	53061	COVID-19	WA_RESP_ED_HOSP_CSV	2	ridge_fusion_minus_ridge_ww_only	-0.0024300832408206373	-0.0023978343473066936	-0.8586067395679196	Negative delta indicates adding AR structure improves over wastewater-only.
high_fidelity	early_warning	53061	COVID-19	WA_RESP_ED_HOSP_CSV	2	ridge_fusion_minus_ridge_ar	1.409991563109227e-05	2.027035640718173e-06	0.03946842320504407	Negative delta indicates fusion improves over AR baseline.
high_fidelity	early_warning	53061	COVID-19	WA_RESP_ED_HOSP_CSV	2	ridge_fusion_minus_ridge_ww_only	-0.0015083721998169048	-0.001571271863225488	-0.6450370774578225	Negative delta indicates adding AR structure improves over wastewater-only.
high_fidelity	with_current_ed	53061	COVID-19	WA_RESP_ED_HOSP_CSV	3	ridge_fusion_minus_ridge_ar	-2.5332499817243455e-05	-8.319572429018804e-08	0.011229199651066057	Negative delta indicates fusion improves over AR baseline.
high_fidelity	with_current_ed	53061	COVID-19	WA_RESP_ED_HOSP_CSV	3	ridge_fusion_minus_ridge_ww_only	-0.0018903347167708176	-0.0017818826778736503	-0.7298946266986638	Negative delta indicates adding AR structure improves over wastewater-only.
high_fidelity	early_warning	53061	COVID-19	WA_RESP_ED_HOSP_CSV	3	ridge_fusion_minus_ridge_ar	-3.335807824082163e-05	-1.5419693509976032e-05	0.0010321693822012978	Negative delta indicates fusion improves over AR baseline.
high_fidelity	early_warning	53061	COVID-19	WA_RESP_ED_HOSP_CSV	3	ridge_fusion_minus_ridge_ww_only	-0.0010827583861989882	-0.0011389914558889045	-0.47452121845691586	Negative delta indicates adding AR structure improves over wastewater-only.
high_fidelity	with_current_ed	53061	COVID-19	WA_RESP_ED_HOSP_CSV	4	ridge_fusion_minus_ridge_ar	-3.4091530705088365e-05	-3.4419893805673514e-05	-0.02906160976786576	Negative delta indicates fusion improves over AR baseline.
high_fidelity	with_current_ed	53061	COVID-19	WA_RESP_ED_HOSP_CSV	4	ridge_fusion_minus_ridge_ww_only	-0.0014549812161526992	-0.0011837877794977454	-0.4493344762756051	Negative delta indicates adding AR structure improves over wastewater-only.
high_fidelity	early_warning	53061	COVID-19	WA_RESP_ED_HOSP_CSV	4	ridge_fusion_minus_ridge_ar	-0.00012223259845055116	-0.00020726564661559255	-0.16518511999354324	Negative delta indicates fusion improves over AR baseline.
high_fidelity	early_warning	53061	COVID-19	WA_RESP_ED_HOSP_CSV	4	ridge_fusion_minus_ridge_ww_only	-0.0006605129054333475	-0.0005839892153668659	-0.19199839855565437	Negative delta indicates adding AR structure improves over wastewater-only.
high_fidelity	with_current_ed	53061	Influenza	WA_RESP_ED_HOSP_CSV	1	ridge_fusion_minus_ridge_ar	-0.00012691123283491493	7.52233909407569e-05	0.1774326730237865	Negative delta indicates fusion improves over AR baseline.
high_fidelity	with_current_ed	53061	Influenza	WA_RESP_ED_HOSP_CSV	1	ridge_fusion_minus_ridge_ww_only	-0.0009686323348590178	-0.0015116138206257576	-3.116514780677692	Negative delta indicates adding AR structure improves over wastewater-only.
high_fidelity	early_warning	53061	Influenza	WA_RESP_ED_HOSP_CSV	1	ridge_fusion_minus_ridge_ar	-0.0008527113613614919	-0.00033897857502674647	-0.6599099521723719	Negative delta indicates fusion improves over AR baseline.
high_fidelity	early_warning	53061	Influenza	WA_RESP_ED_HOSP_CSV	1	ridge_fusion_minus_ridge_ww_only	1.5713911218300132e-05	-0.00035586797394941477	-0.703736790556901	Negative delta indicates adding AR structure improves over wastewater-only.
high_fidelity	with_current_ed	53061	Influenza	WA_RESP_ED_HOSP_CSV	2	ridge_fusion_minus_ridge_ar	9.301709724015509e-05	0.00022950879878274807	0.4973129024033951	Negative delta indicates fusion improves over AR baseline.
high_fidelity	with_current_ed	53061	Influenza	WA_RESP_ED_HOSP_CSV	2	ridge_fusion_minus_ridge_ww_only	6.994146527126554e-05	-0.0007611257561812154	-1.8705361253562884	Negative delta indicates adding AR structure improves over wastewater-only.
high_fidelity	early_warning	53061	Influenza	WA_RESP_ED_HOSP_CSV	2	ridge_fusion_minus_ridge_ar	0.0005753155977054735	0.0005514123783478507	-0.6691895986298624	Negative delta indicates fusion improves over AR baseline.
high_fidelity	early_warning	53061	Influenza	WA_RESP_ED_HOSP_CSV	2	ridge_fusion_minus_ridge_ww_only	-8.169045708409338e-05	-0.000217215971642341	1.130560180939593	Negative delta indicates adding AR structure improves over wastewater-only.
high_fidelity	with_current_ed	53061	Influenza	WA_RESP_ED_HOSP_CSV	3	ridge_fusion_minus_ridge_ar	0.00036280111776036943	0.0002631882685214769	0.2875068173720905	Negative delta indicates fusion improves over AR baseline.
high_fidelity	with_current_ed	53061	Influenza	WA_RESP_ED_HOSP_CSV	3	ridge_fusion_minus_ridge_ww_only	-0.0004289543346243183	-0.000664465226815512	0.16718140388971303	Negative delta indicates adding AR structure improves over wastewater-only.
high_fidelity	early_warning	53061	Influenza	WA_RESP_ED_HOSP_CSV	3	ridge_fusion_minus_ridge_ar	0.000703067014220426	0.00047296026818747887	0.7032723919394002	Negative delta indicates fusion improves over AR baseline.
high_fidelity	early_warning	53061	Influenza	WA_RESP_ED_HOSP_CSV	3	ridge_fusion_minus_ridge_ww_only	3.4561032075369064e-07	-1.7424532650796992e-05	0.5214680458858778	Negative delta indicates adding AR structure improves over wastewater-only.
high_fidelity	with_current_ed	53061	Influenza	WA_RESP_ED_HOSP_CSV	4	ridge_fusion_minus_ridge_ar	3.505072683441298e-05	4.710560889733487e-05	0.5054116463676745	Negative delta indicates fusion improves over AR baseline.
high_fidelity	with_current_ed	53061	Influenza	WA_RESP_ED_HOSP_CSV	4	ridge_fusion_minus_ridge_ww_only	-0.0005060800727045393	-0.0005250773272617226	-1.3909771683147785	Negative delta indicates adding AR structure improves over wastewater-only.
high_fidelity	early_warning	53061	Influenza	WA_RESP_ED_HOSP_CSV	4	ridge_fusion_minus_ridge_ar	-0.00032443165380694004	-0.00011947821414061855	0.6972918764836109	Negative delta indicates fusion improves over AR baseline.
high_fidelity	early_warning	53061	Influenza	WA_RESP_ED_HOSP_CSV	4	ridge_fusion_minus_ridge_ww_only	-0.00014577595916933587	-0.0001784513722461658	-0.5642577398411888	Negative delta indicates adding AR structure improves over wastewater-only.
high_fidelity	with_current_ed	53061	RSV	WA_RESP_ED_HOSP_CSV	1	ridge_fusion_minus_ridge_ar	0.0002411149676514431	0.0002158087880418314	8.781132389187988	Negative delta indicates fusion improves over AR baseline.
high_fidelity	with_current_ed	53061	RSV	WA_RESP_ED_HOSP_CSV	1	ridge_fusion_minus_ridge_ww_only	-0.0024442835673742576	-0.001957541654788425	-77.49652588432188	Negative delta indicates adding AR structure improves over wastewater-only.
high_fidelity	early_warning	53061	RSV	WA_RESP_ED_HOSP_CSV	1	ridge_fusion_minus_ridge_ar	0.0005197931893756729	0.0005282060169256803	20.789180264367467	Negative delta indicates fusion improves over AR baseline.
high_fidelity	early_warning	53061	RSV	WA_RESP_ED_HOSP_CSV	1	ridge_fusion_minus_ridge_ww_only	-0.001719547735656087	-0.0012982296269765032	-54.10474244673081	Negative delta indicates adding AR structure improves over wastewater-only.
high_fidelity	with_current_ed	53061	RSV	WA_RESP_ED_HOSP_CSV	2	ridge_fusion_minus_ridge_ar	0.0006937867410552912	0.0006860992052246228	28.22977185215741	Negative delta indicates fusion improves over AR baseline.
high_fidelity	with_current_ed	53061	RSV	WA_RESP_ED_HOSP_CSV	2	ridge_fusion_minus_ridge_ww_only	-0.0017898876700062098	-0.0013378465979331016	-56.66822433547351	Negative delta indicates adding AR structure improves over wastewater-only.
high_fidelity	early_warning	53061	RSV	WA_RESP_ED_HOSP_CSV	2	ridge_fusion_minus_ridge_ar	0.0009307390945371597	0.0008449833012637144	36.43257946181475	Negative delta indicates fusion improves over AR baseline.
high_fidelity	early_warning	53061	RSV	WA_RESP_ED_HOSP_CSV	2	ridge_fusion_minus_ridge_ww_only	-0.0011038814749967487	-0.0008215424019089729	-36.68186391126001	Negative delta indicates adding AR structure improves over wastewater-only.
high_fidelity	with_current_ed	53061	RSV	WA_RESP_ED_HOSP_CSV	3	ridge_fusion_minus_ridge_ar	0.0010446260127400745	0.0009880992300932293	43.68309135633306	Negative delta indicates fusion improves over AR baseline.
high_fidelity	with_current_ed	53061	RSV	WA_RESP_ED_HOSP_CSV	3	ridge_fusion_minus_ridge_ww_only	-0.0010963007646364537	-0.0008058107863136797	-36.98933973692559	Negative delta indicates adding AR structure improves over wastewater-only.
high_fidelity	early_warning	53061	RSV	WA_RESP_ED_HOSP_CSV	3	ridge_fusion_minus_ridge_ar	0.0012315505313602966	0.0011361778813025552	49.71654855319271	Negative delta indicates fusion improves over AR baseline.
high_fidelity	early_warning	53061	RSV	WA_RESP_ED_HOSP_CSV	3	ridge_fusion_minus_ridge_ww_only	-0.0006123078725163889	-0.0004498422449206738	-19.270447947342745	Negative delta indicates adding AR structure improves over wastewater-only.
high_fidelity	with_current_ed	53061	RSV	WA_RESP_ED_HOSP_CSV	4	ridge_fusion_minus_ridge_ar	0.0013258212548123583	0.0012669368799972144	58.12705907825844	Negative delta indicates fusion improves over AR baseline.
high_fidelity	with_current_ed	53061	RSV	WA_RESP_ED_HOSP_CSV	4	ridge_fusion_minus_ridge_ww_only	-0.0005622579065211811	-0.00036648738699460604	-14.088592149159737	Negative delta indicates adding AR structure improves over wastewater-only.
high_fidelity	early_warning	53061	RSV	WA_RESP_ED_HOSP_CSV	4	ridge_fusion_minus_ridge_ar	0.0014198071438118447	0.0013787812438799873	63.800779570116234	Negative delta indicates fusion improves over AR baseline.
high_fidelity	early_warning	53061	RSV	WA_RESP_ED_HOSP_CSV	4	ridge_fusion_minus_ridge_ww_only	-0.00013904324892306807	-2.354756108186506e-05	0.0112169852099413	Negative delta indicates adding AR structure improves over wastewater-only.
high_fidelity	with_current_ed	53063	COVID-19	WA_RESP_ED_HOSP_CSV	1	ridge_fusion_minus_ridge_ar	-4.4226744153137406e-05	-4.573635340310474e-05	-0.03518693659644334	Negative delta indicates fusion improves over AR baseline.
high_fidelity	with_current_ed	53063	COVID-19	WA_RESP_ED_HOSP_CSV	1	ridge_fusion_minus_ridge_ww_only	-0.0022591785409568476	-0.0018033435270397066	-0.5018787581305316	Negative delta indicates adding AR structure improves over wastewater-only.
high_fidelity	early_warning	53063	COVID-19	WA_RESP_ED_HOSP_CSV	1	ridge_fusion_minus_ridge_ar	-0.000321087776096015	-0.00021131852089606917	-0.10365150596377459	Negative delta indicates fusion improves over AR baseline.
high_fidelity	early_warning	53063	COVID-19	WA_RESP_ED_HOSP_CSV	1	ridge_fusion_minus_ridge_ww_only	-0.0016288390307298102	-0.0012031610774496737	-0.36051904463133144	Negative delta indicates adding AR structure improves over wastewater-only.
high_fidelity	with_current_ed	53063	COVID-19	WA_RESP_ED_HOSP_CSV	2	ridge_fusion_minus_ridge_ar	-0.00021004545696667268	-0.00018516884260045066	-0.10522877188080043	Negative delta indicates fusion improves over AR baseline.
high_fidelity	with_current_ed	53063	COVID-19	WA_RESP_ED_HOSP_CSV	2	ridge_fusion_minus_ridge_ww_only	-0.0012729576768148844	-0.0010104265724681428	-0.28314382222358997	Negative delta indicates adding AR structure improves over wastewater-only.
high_fidelity	early_warning	53063	COVID-19	WA_RESP_ED_HOSP_CSV	2	ridge_fusion_minus_ridge_ar	-0.0006732229334643056	-0.0005852552593634806	-0.23419709579102982	Negative delta indicates fusion improves over AR baseline.
high_fidelity	early_warning	53063	COVID-19	WA_RESP_ED_HOSP_CSV	2	ridge_fusion_minus_ridge_ww_only	-0.0010449736716921167	-0.0008994686891187075	-0.2571884193421439	Negative delta indicates adding AR structure improves over wastewater-only.
high_fidelity	with_current_ed	53063	COVID-19	WA_RESP_ED_HOSP_CSV	3	ridge_fusion_minus_ridge_ar	-0.0002497692392339347	-0.00023034244453390635	-0.07477247540861331	Negative delta indicates fusion improves over AR baseline.
high_fidelity	with_current_ed	53063	COVID-19	WA_RESP_ED_HOSP_CSV	3	ridge_fusion_minus_ridge_ww_only	-0.0006696973542571461	-0.0007826966097242189	-0.1305157708013408	Negative delta indicates adding AR structure improves over wastewater-only.
high_fidelity	early_warning	53063	COVID-19	WA_RESP_ED_HOSP_CSV	3	ridge_fusion_minus_ridge_ar	-0.0007760853713558425	-0.0007273409864749316	-0.25375137806497416	Negative delta indicates fusion improves over AR baseline.
high_fidelity	early_warning	53063	COVID-19	WA_RESP_ED_HOSP_CSV	3	ridge_fusion_minus_ridge_ww_only	-0.0004929024692154303	-0.0007287142976496936	-0.15726308427920643	Negative delta indicates adding AR structure improves over wastewater-only.
high_fidelity	with_current_ed	53063	COVID-19	WA_RESP_ED_HOSP_CSV	4	ridge_fusion_minus_ridge_ar	-0.00023106925566128075	-0.0001560039340419094	-0.057306881073162064	Negative delta indicates fusion improves over AR baseline.
high_fidelity	with_current_ed	53063	COVID-19	WA_RESP_ED_HOSP_CSV	4	ridge_fusion_minus_ridge_ww_only	-0.00022057786496557444	-0.0003248046887821556	-0.008030558693602141	Negative delta indicates adding AR structure improves over wastewater-only.
high_fidelity	early_warning	53063	COVID-19	WA_RESP_ED_HOSP_CSV	4	ridge_fusion_minus_ridge_ar	-0.0006377061980465098	-0.0004351790341734184	-0.16540845949924654	Negative delta indicates fusion improves over AR baseline.
high_fidelity	early_warning	53063	COVID-19	WA_RESP_ED_HOSP_CSV	4	ridge_fusion_minus_ridge_ww_only	-0.00010137952021343002	-0.0002155031112409992	0.002369157359648155	Negative delta indicates adding AR structure improves over wastewater-only.
high_fidelity	with_current_ed	53063	Influenza	WA_RESP_ED_HOSP_CSV	1	ridge_fusion_minus_ridge_ar	0.0005584436418507839	-1.9840532556590542e-05	-1.9441265696540526	Negative delta indicates fusion improves over AR baseline.
high_fidelity	with_current_ed	53063	Influenza	WA_RESP_ED_HOSP_CSV	1	ridge_fusion_minus_ridge_ww_only	-0.003536448650181244	-0.0018122132483686135	-1.7412506189950179	Negative delta indicates adding AR structure improves over wastewater-only.
high_fidelity	early_warning	53063	Influenza	WA_RESP_ED_HOSP_CSV	1	ridge_fusion_minus_ridge_ar	0.001868315039169532	0.00014303537090821702	-13.066320741644649	Negative delta indicates fusion improves over AR baseline.
high_fidelity	early_warning	53063	Influenza	WA_RESP_ED_HOSP_CSV	1	ridge_fusion_minus_ridge_ww_only	7.275565639941646e-05	8.915770862066592e-05	0.48573824553559675	Negative delta indicates adding AR structure improves over wastewater-only.
high_fidelity	with_current_ed	53063	Influenza	WA_RESP_ED_HOSP_CSV	2	ridge_fusion_minus_ridge_ar	0.0002749048779334129	-0.00012733020046978762	-1.39571053685507	Negative delta indicates fusion improves over AR baseline.
high_fidelity	with_current_ed	53063	Influenza	WA_RESP_ED_HOSP_CSV	2	ridge_fusion_minus_ridge_ww_only	-0.002427727838949576	-0.0016746748974550071	-6.7781500967535955	Negative delta indicates adding AR structure improves over wastewater-only.
high_fidelity	early_warning	53063	Influenza	WA_RESP_ED_HOSP_CSV	2	ridge_fusion_minus_ridge_ar	0.0015325915213494322	0.0004085962110852376	-14.12116710539945	Negative delta indicates fusion improves over AR baseline.
high_fidelity	early_warning	53063	Influenza	WA_RESP_ED_HOSP_CSV	2	ridge_fusion_minus_ridge_ww_only	0.0007719943791551411	0.00013958917548790098	1.0843422943485663	Negative delta indicates adding AR structure improves over wastewater-only.
high_fidelity	with_current_ed	53063	Influenza	WA_RESP_ED_HOSP_CSV	3	ridge_fusion_minus_ridge_ar	0.0006485548744618527	0.000158167360150379	-2.9140710025355787	Negative delta indicates fusion improves over AR baseline.
high_fidelity	with_current_ed	53063	Influenza	WA_RESP_ED_HOSP_CSV	3	ridge_fusion_minus_ridge_ww_only	-0.0007404274254894788	-0.0012554397458127003	-7.733470030062591	Negative delta indicates adding AR structure improves over wastewater-only.
high_fidelity	early_warning	53063	Influenza	WA_RESP_ED_HOSP_CSV	3	ridge_fusion_minus_ridge_ar	0.0014695955894677877	0.0008295829384449361	-13.06637385696856	Negative delta indicates fusion improves over AR baseline.
high_fidelity	early_warning	53063	Influenza	WA_RESP_ED_HOSP_CSV	3	ridge_fusion_minus_ridge_ww_only	0.0009667419608482952	1.6109610118690207e-06	-1.2426863869614522	Negative delta indicates adding AR structure improves over wastewater-only.
high_fidelity	with_current_ed	53063	Influenza	WA_RESP_ED_HOSP_CSV	4	ridge_fusion_minus_ridge_ar	0.0011131276021276466	0.0006096262236356268	-4.767439592365633	Negative delta indicates fusion improves over AR baseline.
high_fidelity	with_current_ed	53063	Influenza	WA_RESP_ED_HOSP_CSV	4	ridge_fusion_minus_ridge_ww_only	0.00013294258588586808	-0.0006250379942318515	-10.271079338743142	Negative delta indicates adding AR structure improves over wastewater-only.
high_fidelity	early_warning	53063	Influenza	WA_RESP_ED_HOSP_CSV	4	ridge_fusion_minus_ridge_ar	0.002027564868565904	0.0009940525859061774	-13.804490028096552	Negative delta indicates fusion improves over AR baseline.
high_fidelity	early_warning	53063	Influenza	WA_RESP_ED_HOSP_CSV	4	ridge_fusion_minus_ridge_ww_only	0.001438062610506054	0.0003312995180187288	-4.239093460423831	Negative delta indicates adding AR structure improves over wastewater-only.
